class,precision,ppv,recall,specificity,f1,support
Normal,0.9879719853836785,0.9879719853836785,0.8646235842771486,0.9684126349460216,0.9221914303986357,7505
LBBB,0.9478672985781991,0.9478672985781991,0.9913258983890955,0.9952168713990651,0.9691096305269534,807
RBBB,0.7449306296691569,0.7449306296691569,0.9614325068870524,0.9742456896551724,0.8394467829224294,726
APB,0.5093333333333333,0.5093333333333333,0.7490196078431373,0.9811301404984104,0.6063492063492063,255
PVC,0.5117004680187207,0.5117004680187207,0.9200561009817672,0.9326374690627354,0.6576441102756891,713
