class,precision,ppv,recall,specificity,f1,support
Normal,0.9922655494682565,0.9922655494682565,0.8205196535642905,0.9808076769292283,0.8982568740427394,7505
LBBB,0.986318407960199,0.986318407960199,0.9826517967781908,0.9988042178497663,0.9844816883923029,807
RBBB,0.9156010230179028,0.9156010230179028,0.9862258953168044,0.9928879310344828,0.9496021220159151,726
APB,0.41088180112570355,0.41088180112570355,0.8588235294117647,0.9677981745462004,0.5558375634517766,255
PVC,0.4045211183819155,0.4045211183819155,0.9537166900420757,0.8922845152265145,0.5680868838763575,713
