class,precision,ppv,recall,specificity,f1,support
Normal,0.9847328244274809,0.9847328244274809,0.8077537969624301,0.9624150339864055,0.887506404157213,7506
LBBB,0.9698870765370138,0.9698870765370138,0.9566831683168316,0.9973910207631265,0.963239875389408,808
RBBB,0.8559218559218559,0.8559218559218559,0.9655647382920111,0.9872858528175843,0.9074433656957929,726
APB,0.25559947299077734,0.25559947299077734,0.7637795275590551,0.942069106941454,0.3830207305034551,254
PVC,0.43186440677966104,0.43186440677966104,0.8934081346423562,0.9098343017000216,0.5822669104204754,713
