class,precision,ppv,recall,specificity,f1,support
Normal,0.968530676930043,0.968530676930043,0.5700199866755497,0.944422231107557,0.7176648213387016,7505
LBBB,0.8822882288228823,0.8822882288228823,0.9925742574257426,0.9883670363122418,0.934187536400699,808
RBBB,0.9422283356258597,0.9422283356258597,0.9448275862068966,0.9954746255791401,0.9435261707988981,725
APB,0.5709459459459459,0.5709459459459459,0.6627450980392157,0.9869756948005333,0.6134301270417423,255
PVC,0.15996718621821165,0.15996718621821165,0.820476858345021,0.6694286021736792,0.2677345537757437,713
