class,precision,ppv,recall,specificity,f1,support
Normal,0.9907668231611894,0.9907668231611894,0.8435709526982011,0.9764094362255098,0.9112630442605253,7505
LBBB,0.8982102908277405,0.8982102908277405,0.9950433705080545,0.9901076203935211,0.9441504997060552,807
RBBB,0.9403606102635229,0.9403606102635229,0.9338842975206612,0.9953663793103448,0.9371112646855564,726
APB,0.25830258302583026,0.25830258302583026,0.8235294117647058,0.938160188698595,0.3932584269662921,255
PVC,0.5429292929292929,0.5429292929292929,0.9046283309957924,0.9415689228451523,0.67859021567596,713
