{
  "accuracy_mean": 0.8515717570556897,
  "accuracy_std": 0.07577128305440689,
  "precision_mean": [
    0.9861482827760348,
    0.9540906296548165,
    0.9211985799586312,
    0.412675827735312,
    0.4643244369249975
  ],
  "precision_std": [
    0.0066103527454614685,
    0.03454686971585675,
    0.06736508632512153,
    0.13830929630993147,
    0.14105523204569959
  ],
  "recall_mean": [
    0.8230821587455773,
    0.9862573153226102,
    0.9596342737722047,
    0.7662884051258297,
    0.9193548387096774
  ],
  "recall_std": [
    0.09686596887242929,
    0.011535578057542717,
    0.015542680616359241,
    0.05323085263308696,
    0.041164752426475604
  ],
  "specificity_mean": [
    0.9668532586965215,
    0.9956949774336865,
    0.9930605573028322,
    0.9645500156633142,
    0.8974943944678759
  ],
  "specificity_std": [
    0.010538573575382574,
    0.003462964901718521,
    0.0069510111628878005,
    0.020796741911782705,
    0.07987403633506127
  ],
  "f1_mean": [
    0.894182492199587,
    0.9694731839782523,
    0.9385476840485183,
    0.5185780030188423,
    0.6052569819215913
  ],
  "f1_std": [
    0.0649487714321352,
    0.017080610989747107,
    0.037438864903402126,
    0.10811120596298285,
    0.13584479816325562
  ]
}