class,precision,ppv,recall,specificity,f1,support
Normal,0.9817686147554949,0.9817686147554949,0.7677548301132578,0.9572171131547381,0.8616719007028563,7505
LBBB,0.9705159705159705,0.9705159705159705,0.9777227722772277,0.9973907371167645,0.9741060419235512,808
RBBB,0.964625850340136,0.964625850340136,0.9765840220385675,0.997198275862069,0.9705681040383299,726
APB,0.21686746987951808,0.21686746987951808,0.7795275590551181,0.926681706316653,0.3393316195372751,254
PVC,0.3850746268656716,0.3850746268656716,0.9046283309957924,0.8891638867965135,0.5402010050251257,713
