class,precision,ppv,recall,specificity,f1,support
Normal,0.9884280132251277,0.9884280132251277,0.876232347455369,0.9692123150739704,0.928954802259887,7506
LBBB,0.9875776397515528,0.9875776397515528,0.9839108910891089,0.9989129253179694,0.9857408555486672,808
RBBB,0.9681440443213296,0.9681440443213296,0.9628099173553719,0.9975218187695292,0.9654696132596685,726
APB,0.35892857142857143,0.35892857142857143,0.7913385826771654,0.9631908130831539,0.4938574938574939,254
PVC,0.5308056872037915,0.5308056872037915,0.9424964936886395,0.9360877985797289,0.6791308741788782,713
