class,precision,ppv,recall,specificity,f1,support
Normal,0.9908028059236165,0.9908028059236165,0.8469020652898068,0.9764094362255098,0.9132183908045978,7505
LBBB,0.9779951100244498,0.9779951100244498,0.9913258983890955,0.9980432655723448,0.9846153846153846,807
RBBB,0.9404600811907984,0.9404600811907984,0.9573002754820936,0.9952586206896552,0.9488054607508531,726
APB,0.4067796610169492,0.4067796610169492,0.7529411764705882,0.9712849964106246,0.5281980742778541,255
PVC,0.44302176696542894,0.44302176696542894,0.97054698457223,0.9063811470999678,0.6083516483516483,713
