class,precision,ppv,recall,specificity,f1,support
Normal,0.9902034664657121,0.9902034664657121,0.8754163890739507,0.9740103958416634,0.9292786421499292,7505
LBBB,0.9722557297949337,0.9722557297949337,0.9987608426270136,0.9974997282313295,0.9853300733496332,807
RBBB,0.9673758865248226,0.9673758865248226,0.9393939393939394,0.9975215517241379,0.9531795946890287,726
APB,0.47494033412887826,0.47494033412887826,0.7803921568627451,0.9774382114654907,0.5905044510385756,255
PVC,0.4830747531734838,0.4830747531734838,0.9607293127629734,0.9211234262348004,0.6428906616611919,713
