class,precision,ppv,recall,specificity,f1,support
Normal,0.9860120680197477,0.9860120680197477,0.9580279813457695,0.9592163134746101,0.9718186118807867,7505
LBBB,0.9479905437352246,0.9479905437352246,0.9925742574257426,0.9952163513807349,0.9697702539298672,808
RBBB,0.9723374827109267,0.9723374827109267,0.9683195592286501,0.9978448275862069,0.9703243616287095,726
APB,0.664179104477612,0.664179104477612,0.7007874015748031,0.9907711238720263,0.6819923371647509,254
PVC,0.750285062713797,0.750285062713797,0.9228611500701263,0.9764338749596471,0.8276729559748427,713
